{
	"info": {
		"_postman_id": "9986fae2-af68-4e50-ad77-77500216a8e1",
		"name": "FakeStoreAPI Collection",
		"schema": "https://schema.getpostman.com/json/collection/v2.1.0/collection.json",
		"_exporter_id": "50450133",
		"_collection_link": "https://eduardo-mpessoa-7624951.postman.co/workspace/Eduardo-Martins's-Workspace~31e962fa-9d58-455c-852a-09ed724032e5/collection/50450133-9986fae2-af68-4e50-ad77-77500216a8e1?action=share&source=collection_link&creator=50450133"
	},
	"item": [
		{
			"name": "Basic Tests",
			"item": [
				{
					"name": "GET - Listar Produtos",
					"protocolProfileBehavior": {
						"disableBodyPruning": true
					},
					"request": {
						"method": "GET",
						"header": [],
						"body": {
							"mode": "raw",
							"raw": "",
							"options": {
								"raw": {
									"language": "json"
								}
							}
						},
						"url": {
							"raw": "https://fakestoreapi.com/products",
							"protocol": "https",
							"host": [
								"fakestoreapi",
								"com"
							],
							"path": [
								"products"
							]
						}
					},
					"response": []
				},
				{
					"name": "GET - Buscar Produto por ID",
					"protocolProfileBehavior": {
						"disableBodyPruning": true
					},
					"request": {
						"method": "GET",
						"header": [],
						"body": {
							"mode": "raw",
							"raw": "",
							"options": {
								"raw": {
									"language": "json"
								}
							}
						},
						"url": {
							"raw": "https://fakestoreapi.com/products/1",
							"protocol": "https",
							"host": [
								"fakestoreapi",
								"com"
							],
							"path": [
								"products",
								"1"
							]
						}
					},
					"response": []
				},
				{
					"name": "POST - Criar Usuário",
					"request": {
						"method": "POST",
						"header": [
							{
								"key": "Content-Type",
								"value": "application/json"
							}
						],
						"body": {
							"mode": "raw",
							"raw": "{\"email\": \"teste@teste.com\", \"username\": \"usuario1\", \"password\": \"123456\"}"
						},
						"url": {
							"raw": "https://fakestoreapi.com/users",
							"protocol": "https",
							"host": [
								"fakestoreapi",
								"com"
							],
							"path": [
								"users"
							]
						}
					},
					"response": []
				}
			]
		},
		{
			"name": "Medium Tests",
			"item": [
				{
					"name": "PUT - Atualizar Produto",
					"request": {
						"method": "PUT",
						"header": [
							{
								"key": "Content-Type",
								"value": "application/json"
							}
						],
						"body": {
							"mode": "raw",
							"raw": "{\"title\": \"alterado\"}"
						},
						"url": {
							"raw": "https://fakestoreapi.com/products/1",
							"protocol": "https",
							"host": [
								"fakestoreapi",
								"com"
							],
							"path": [
								"products",
								"1"
							]
						}
					},
					"response": []
				},
				{
					"name": "DELETE - Remover Produto",
					"request": {
						"method": "DELETE",
						"header": [],
						"url": {
							"raw": "https://fakestoreapi.com/products/1",
							"protocol": "https",
							"host": [
								"fakestoreapi",
								"com"
							],
							"path": [
								"products",
								"1"
							]
						}
					},
					"response": []
				},
				{
					"name": "GET - Produtos por Categoria",
					"request": {
						"method": "GET",
						"header": [],
						"url": {
							"raw": "https://fakestoreapi.com/products/category/electronics",
							"protocol": "https",
							"host": [
								"fakestoreapi",
								"com"
							],
							"path": [
								"products",
								"category",
								"electronics"
							]
						}
					},
					"response": []
				}
			]
		},
		{
			"name": "Advanced Tests",
			"item": [
				{
					"name": "POST - Login",
					"request": {
						"method": "POST",
						"header": [
							{
								"key": "Content-Type",
								"value": "application/json"
							}
						],
						"body": {
							"mode": "raw",
							"raw": "{\"username\": \"mor_2314\", \"password\": \"83r5^_\"}"
						},
						"url": {
							"raw": "https://fakestoreapi.com/auth/login",
							"protocol": "https",
							"host": [
								"fakestoreapi",
								"com"
							],
							"path": [
								"auth",
								"login"
							]
						}
					},
					"response": []
				},
				{
					"name": "POST - Criar Carrinho",
					"request": {
						"method": "POST",
						"header": [
							{
								"key": "Content-Type",
								"value": "application/json"
							}
						],
						"body": {
							"mode": "raw",
							"raw": "{\"userId\": 1, \"date\": \"2020-02-03\", \"products\": [{\"productId\": 1, \"quantity\": 1}, {\"productId\": 2, \"quantity\": 2}]}"
						},
						"url": {
							"raw": "https://fakestoreapi.com/carts",
							"protocol": "https",
							"host": [
								"fakestoreapi",
								"com"
							],
							"path": [
								"carts"
							]
						}
					},
					"response": []
				},
				{
					"name": "GET - Listar Carrinho",
					"request": {
						"method": "GET",
						"header": []
					},
					"response": []
				},
				{
					"name": "PUT - Atualizar Carrinho",
					"request": {
						"method": "PUT",
						"header": [],
						"body": {
							"mode": "raw",
							"raw": "{\r\n    \"productId\": 8,\r\n    \"quantity\": 10\r\n}",
							"options": {
								"raw": {
									"language": "json"
								}
							}
						},
						"url": {
							"raw": "https://fakestoreapi.com/carts/7",
							"protocol": "https",
							"host": [
								"fakestoreapi",
								"com"
							],
							"path": [
								"carts",
								"7"
							]
						}
					},
					"response": []
				}
			]
		}
	]
}